{
  "variants": {
    "type=bottom": [
      {
        "model": "block/andesite/slab/1"
      },
      {
        "model": "block/andesite/slab/16"
      },
      {
        "model": "block/andesite/slab/2"
      },
      {
        "model": "block/andesite/slab/3"
      },
      {
        "model": "block/andesite/slab/4"
      },
      {
        "model": "block/andesite/slab/5"
      },
      {
        "model": "block/andesite/slab/6"
      },
      {
        "model": "block/andesite/slab/7"
      },
      {
        "model": "block/andesite/slab/8"
      },
      {
        "model": "block/andesite/slab/9"
      },
      {
        "model": "block/andesite/slab/10"
      },
      {
        "model": "block/andesite/slab/11"
      },
      {
        "model": "block/andesite/slab/12"
      },
      {
        "model": "block/andesite/slab/13"
      },
      {
        "model": "block/andesite/slab/14"
      },
      {
        "model": "block/andesite/slab/15"
      }
    ],
    "type=top": [
      {
        "model": "block/andesite/slab_top/1"
      },
      {
        "model": "block/andesite/slab_top/16"
      },
      {
        "model": "block/andesite/slab_top/2"
      },
      {
        "model": "block/andesite/slab_top/3"
      },
      {
        "model": "block/andesite/slab_top/4"
      },
      {
        "model": "block/andesite/slab_top/5"
      },
      {
        "model": "block/andesite/slab_top/6"
      },
      {
        "model": "block/andesite/slab_top/7"
      },
      {
        "model": "block/andesite/slab_top/8"
      },
      {
        "model": "block/andesite/slab_top/9"
      },
      {
        "model": "block/andesite/slab_top/10"
      },
      {
        "model": "block/andesite/slab_top/11"
      },
      {
        "model": "block/andesite/slab_top/12"
      },
      {
        "model": "block/andesite/slab_top/13"
      },
      {
        "model": "block/andesite/slab_top/14"
      },
      {
        "model": "block/andesite/slab_top/15"
      }
    ],
    "type=double": [
      {
        "model": "block/andesite/1"
      },
      {
        "model": "block/andesite/16"
      },
      {
        "model": "block/andesite/2"
      },
      {
        "model": "block/andesite/3"
      },
      {
        "model": "block/andesite/4"
      },
      {
        "model": "block/andesite/5"
      },
      {
        "model": "block/andesite/6"
      },
      {
        "model": "block/andesite/7"
      },
      {
        "model": "block/andesite/8"
      },
      {
        "model": "block/andesite/9"
      },
      {
        "model": "block/andesite/10"
      },
      {
        "model": "block/andesite/11"
      },
      {
        "model": "block/andesite/12"
      },
      {
        "model": "block/andesite/13"
      },
      {
        "model": "block/andesite/14"
      },
      {
        "model": "block/andesite/15"
      }
    ]
  }
}