{"variants":{"facing=east,half=bottom,shape=straight":[{"model":"block/crimson_planks/stairs/16"},{"model":"block/crimson_planks/stairs/1"},{"model":"block/crimson_planks/stairs/2"},{"model":"block/crimson_planks/stairs/3"},{"model":"block/crimson_planks/stairs/4"},{"model":"block/crimson_planks/stairs/5"},{"model":"block/crimson_planks/stairs/6"},{"model":"block/crimson_planks/stairs/7"},{"model":"block/crimson_planks/stairs/8"},{"model":"block/crimson_planks/stairs/9"},{"model":"block/crimson_planks/stairs/10"},{"model":"block/crimson_planks/stairs/11"},{"model":"block/crimson_planks/stairs/12"},{"model":"block/crimson_planks/stairs/13"},{"model":"block/crimson_planks/stairs/14"},{"model":"block/crimson_planks/stairs/15"}],"facing=west,half=bottom,shape=straight":[{"model":"block/crimson_planks/stairs/16","y":180,"uvlock":true},{"model":"block/crimson_planks/stairs/1","y":180,"uvlock":true},{"model":"block/crimson_planks/stairs/2","y":180,"uvlock":true},{"model":"block/crimson_planks/stairs/3","y":180,"uvlock":true},{"model":"block/crimson_planks/stairs/4","y":180,"uvlock":true},{"model":"block/crimson_planks/stairs/5","y":180,"uvlock":true},{"model":"block/crimson_planks/stairs/6","y":180,"uvlock":true},{"model":"block/crimson_planks/stairs/7","y":180,"uvlock":true},{"model":"block/crimson_planks/stairs/8","y":180,"uvlock":true},{"model":"block/crimson_planks/stairs/9","y":180,"uvlock":true},{"model":"block/crimson_planks/stairs/10","y":180,"uvlock":true},{"model":"block/crimson_planks/stairs/11","y":180,"uvlock":true},{"model":"block/crimson_planks/stairs/12","y":180,"uvlock":true},{"model":"block/crimson_planks/stairs/13","y":180,"uvlock":true},{"model":"block/crimson_planks/stairs/14","y":180,"uvlock":true},{"model":"block/crimson_planks/stairs/15","y":180,"uvlock":true}],"facing=south,half=bottom,shape=straight":[{"model":"block/crimson_planks/stairs/16","y":90,"uvlock":true},{"model":"block/crimson_planks/stairs/1","y":90,"uvlock":true},{"model":"block/crimson_planks/stairs/2","y":90,"uvlock":true},{"model":"block/crimson_planks/stairs/3","y":90,"uvlock":true},{"model":"block/crimson_planks/stairs/4","y":90,"uvlock":true},{"model":"block/crimson_planks/stairs/5","y":90,"uvlock":true},{"model":"block/crimson_planks/stairs/6","y":90,"uvlock":true},{"model":"block/crimson_planks/stairs/7","y":90,"uvlock":true},{"model":"block/crimson_planks/stairs/8","y":90,"uvlock":true},{"model":"block/crimson_planks/stairs/9","y":90,"uvlock":true},{"model":"block/crimson_planks/stairs/10","y":90,"uvlock":true},{"model":"block/crimson_planks/stairs/11","y":90,"uvlock":true},{"model":"block/crimson_planks/stairs/12","y":90,"uvlock":true},{"model":"block/crimson_planks/stairs/13","y":90,"uvlock":true},{"model":"block/crimson_planks/stairs/14","y":90,"uvlock":true},{"model":"block/crimson_planks/stairs/15","y":90,"uvlock":true}],"facing=north,half=bottom,shape=straight":[{"model":"block/crimson_planks/stairs/16","y":270,"uvlock":true},{"model":"block/crimson_planks/stairs/1","y":270,"uvlock":true},{"model":"block/crimson_planks/stairs/2","y":270,"uvlock":true},{"model":"block/crimson_planks/stairs/3","y":270,"uvlock":true},{"model":"block/crimson_planks/stairs/4","y":270,"uvlock":true},{"model":"block/crimson_planks/stairs/5","y":270,"uvlock":true},{"model":"block/crimson_planks/stairs/6","y":270,"uvlock":true},{"model":"block/crimson_planks/stairs/7","y":270,"uvlock":true},{"model":"block/crimson_planks/stairs/8","y":270,"uvlock":true},{"model":"block/crimson_planks/stairs/9","y":270,"uvlock":true},{"model":"block/crimson_planks/stairs/10","y":270,"uvlock":true},{"model":"block/crimson_planks/stairs/11","y":270,"uvlock":true},{"model":"block/crimson_planks/stairs/12","y":270,"uvlock":true},{"model":"block/crimson_planks/stairs/13","y":270,"uvlock":true},{"model":"block/crimson_planks/stairs/14","y":270,"uvlock":true},{"model":"block/crimson_planks/stairs/15","y":270,"uvlock":true}],"facing=east,half=bottom,shape=outer_right":[{"model":"block/crimson_planks/stairs_outer/16"},{"model":"block/crimson_planks/stairs_outer/1"},{"model":"block/crimson_planks/stairs_outer/2"},{"model":"block/crimson_planks/stairs_outer/3"},{"model":"block/crimson_planks/stairs_outer/4"},{"model":"block/crimson_planks/stairs_outer/5"},{"model":"block/crimson_planks/stairs_outer/6"},{"model":"block/crimson_planks/stairs_outer/7"},{"model":"block/crimson_planks/stairs_outer/8"},{"model":"block/crimson_planks/stairs_outer/9"},{"model":"block/crimson_planks/stairs_outer/10"},{"model":"block/crimson_planks/stairs_outer/11"},{"model":"block/crimson_planks/stairs_outer/12"},{"model":"block/crimson_planks/stairs_outer/13"},{"model":"block/crimson_planks/stairs_outer/14"},{"model":"block/crimson_planks/stairs_outer/15"}],"facing=west,half=bottom,shape=outer_right":[{"model":"block/crimson_planks/stairs_outer/16","y":180,"uvlock":true},{"model":"block/crimson_planks/stairs_outer/1","y":180,"uvlock":true},{"model":"block/crimson_planks/stairs_outer/2","y":180,"uvlock":true},{"model":"block/crimson_planks/stairs_outer/3","y":180,"uvlock":true},{"model":"block/crimson_planks/stairs_outer/4","y":180,"uvlock":true},{"model":"block/crimson_planks/stairs_outer/5","y":180,"uvlock":true},{"model":"block/crimson_planks/stairs_outer/6","y":180,"uvlock":true},{"model":"block/crimson_planks/stairs_outer/7","y":180,"uvlock":true},{"model":"block/crimson_planks/stairs_outer/8","y":180,"uvlock":true},{"model":"block/crimson_planks/stairs_outer/9","y":180,"uvlock":true},{"model":"block/crimson_planks/stairs_outer/10","y":180,"uvlock":true},{"model":"block/crimson_planks/stairs_outer/11","y":180,"uvlock":true},{"model":"block/crimson_planks/stairs_outer/12","y":180,"uvlock":true},{"model":"block/crimson_planks/stairs_outer/13","y":180,"uvlock":true},{"model":"block/crimson_planks/stairs_outer/14","y":180,"uvlock":true},{"model":"block/crimson_planks/stairs_outer/15","y":180,"uvlock":true}],"facing=south,half=bottom,shape=outer_right":[{"model":"block/crimson_planks/stairs_outer/16","y":90,"uvlock":true},{"model":"block/crimson_planks/stairs_outer/1","y":90,"uvlock":true},{"model":"block/crimson_planks/stairs_outer/2","y":90,"uvlock":true},{"model":"block/crimson_planks/stairs_outer/3","y":90,"uvlock":true},{"model":"block/crimson_planks/stairs_outer/4","y":90,"uvlock":true},{"model":"block/crimson_planks/stairs_outer/5","y":90,"uvlock":true},{"model":"block/crimson_planks/stairs_outer/6","y":90,"uvlock":true},{"model":"block/crimson_planks/stairs_outer/7","y":90,"uvlock":true},{"model":"block/crimson_planks/stairs_outer/8","y":90,"uvlock":true},{"model":"block/crimson_planks/stairs_outer/9","y":90,"uvlock":true},{"model":"block/crimson_planks/stairs_outer/10","y":90,"uvlock":true},{"model":"block/crimson_planks/stairs_outer/11","y":90,"uvlock":true},{"model":"block/crimson_planks/stairs_outer/12","y":90,"uvlock":true},{"model":"block/crimson_planks/stairs_outer/13","y":90,"uvlock":true},{"model":"block/crimson_planks/stairs_outer/14","y":90,"uvlock":true},{"model":"block/crimson_planks/stairs_outer/15","y":90,"uvlock":true}],"facing=north,half=bottom,shape=outer_right":[{"model":"block/crimson_planks/stairs_outer/16","y":270,"uvlock":true},{"model":"block/crimson_planks/stairs_outer/1","y":270,"uvlock":true},{"model":"block/crimson_planks/stairs_outer/2","y":270,"uvlock":true},{"model":"block/crimson_planks/stairs_outer/3","y":270,"uvlock":true},{"model":"block/crimson_planks/stairs_outer/4","y":270,"uvlock":true},{"model":"block/crimson_planks/stairs_outer/5","y":270,"uvlock":true},{"model":"block/crimson_planks/stairs_outer/6","y":270,"uvlock":true},{"model":"block/crimson_planks/stairs_outer/7","y":270,"uvlock":true},{"model":"block/crimson_planks/stairs_outer/8","y":270,"uvlock":true},{"model":"block/crimson_planks/stairs_outer/9","y":270,"uvlock":true},{"model":"block/crimson_planks/stairs_outer/10","y":270,"uvlock":true},{"model":"block/crimson_planks/stairs_outer/11","y":270,"uvlock":true},{"model":"block/crimson_planks/stairs_outer/12","y":270,"uvlock":true},{"model":"block/crimson_planks/stairs_outer/13","y":270,"uvlock":true},{"model":"block/crimson_planks/stairs_outer/14","y":270,"uvlock":true},{"model":"block/crimson_planks/stairs_outer/15","y":270,"uvlock":true}],"facing=east,half=bottom,shape=outer_left":[{"model":"block/crimson_planks/stairs_outer/16","y":270,"uvlock":true},{"model":"block/crimson_planks/stairs_outer/1","y":270,"uvlock":true},{"model":"block/crimson_planks/stairs_outer/2","y":270,"uvlock":true},{"model":"block/crimson_planks/stairs_outer/3","y":270,"uvlock":true},{"model":"block/crimson_planks/stairs_outer/4","y":270,"uvlock":true},{"model":"block/crimson_planks/stairs_outer/5","y":270,"uvlock":true},{"model":"block/crimson_planks/stairs_outer/6","y":270,"uvlock":true},{"model":"block/crimson_planks/stairs_outer/7","y":270,"uvlock":true},{"model":"block/crimson_planks/stairs_outer/8","y":270,"uvlock":true},{"model":"block/crimson_planks/stairs_outer/9","y":270,"uvlock":true},{"model":"block/crimson_planks/stairs_outer/10","y":270,"uvlock":true},{"model":"block/crimson_planks/stairs_outer/11","y":270,"uvlock":true},{"model":"block/crimson_planks/stairs_outer/12","y":270,"uvlock":true},{"model":"block/crimson_planks/stairs_outer/13","y":270,"uvlock":true},{"model":"block/crimson_planks/stairs_outer/14","y":270,"uvlock":true},{"model":"block/crimson_planks/stairs_outer/15","y":270,"uvlock":true}],"facing=west,half=bottom,shape=outer_left":[{"model":"block/crimson_planks/stairs_outer/16","y":90,"uvlock":true},{"model":"block/crimson_planks/stairs_outer/1","y":90,"uvlock":true},{"model":"block/crimson_planks/stairs_outer/2","y":90,"uvlock":true},{"model":"block/crimson_planks/stairs_outer/3","y":90,"uvlock":true},{"model":"block/crimson_planks/stairs_outer/4","y":90,"uvlock":true},{"model":"block/crimson_planks/stairs_outer/5","y":90,"uvlock":true},{"model":"block/crimson_planks/stairs_outer/6","y":90,"uvlock":true},{"model":"block/crimson_planks/stairs_outer/7","y":90,"uvlock":true},{"model":"block/crimson_planks/stairs_outer/8","y":90,"uvlock":true},{"model":"block/crimson_planks/stairs_outer/9","y":90,"uvlock":true},{"model":"block/crimson_planks/stairs_outer/10","y":90,"uvlock":true},{"model":"block/crimson_planks/stairs_outer/11","y":90,"uvlock":true},{"model":"block/crimson_planks/stairs_outer/12","y":90,"uvlock":true},{"model":"block/crimson_planks/stairs_outer/13","y":90,"uvlock":true},{"model":"block/crimson_planks/stairs_outer/14","y":90,"uvlock":true},{"model":"block/crimson_planks/stairs_outer/15","y":90,"uvlock":true}],"facing=south,half=bottom,shape=outer_left":[{"model":"block/crimson_planks/stairs_outer/16"},{"model":"block/crimson_planks/stairs_outer/1"},{"model":"block/crimson_planks/stairs_outer/2"},{"model":"block/crimson_planks/stairs_outer/3"},{"model":"block/crimson_planks/stairs_outer/4"},{"model":"block/crimson_planks/stairs_outer/5"},{"model":"block/crimson_planks/stairs_outer/6"},{"model":"block/crimson_planks/stairs_outer/7"},{"model":"block/crimson_planks/stairs_outer/8"},{"model":"block/crimson_planks/stairs_outer/9"},{"model":"block/crimson_planks/stairs_outer/10"},{"model":"block/crimson_planks/stairs_outer/11"},{"model":"block/crimson_planks/stairs_outer/12"},{"model":"block/crimson_planks/stairs_outer/13"},{"model":"block/crimson_planks/stairs_outer/14"},{"model":"block/crimson_planks/stairs_outer/15"}],"facing=north,half=bottom,shape=outer_left":[{"model":"block/crimson_planks/stairs_outer/16","y":180,"uvlock":true},{"model":"block/crimson_planks/stairs_outer/1","y":180,"uvlock":true},{"model":"block/crimson_planks/stairs_outer/2","y":180,"uvlock":true},{"model":"block/crimson_planks/stairs_outer/3","y":180,"uvlock":true},{"model":"block/crimson_planks/stairs_outer/4","y":180,"uvlock":true},{"model":"block/crimson_planks/stairs_outer/5","y":180,"uvlock":true},{"model":"block/crimson_planks/stairs_outer/6","y":180,"uvlock":true},{"model":"block/crimson_planks/stairs_outer/7","y":180,"uvlock":true},{"model":"block/crimson_planks/stairs_outer/8","y":180,"uvlock":true},{"model":"block/crimson_planks/stairs_outer/9","y":180,"uvlock":true},{"model":"block/crimson_planks/stairs_outer/10","y":180,"uvlock":true},{"model":"block/crimson_planks/stairs_outer/11","y":180,"uvlock":true},{"model":"block/crimson_planks/stairs_outer/12","y":180,"uvlock":true},{"model":"block/crimson_planks/stairs_outer/13","y":180,"uvlock":true},{"model":"block/crimson_planks/stairs_outer/14","y":180,"uvlock":true},{"model":"block/crimson_planks/stairs_outer/15","y":180,"uvlock":true}],"facing=east,half=bottom,shape=inner_right":[{"model":"block/crimson_planks/stairs_inner/16"},{"model":"block/crimson_planks/stairs_inner/1"},{"model":"block/crimson_planks/stairs_inner/2"},{"model":"block/crimson_planks/stairs_inner/3"},{"model":"block/crimson_planks/stairs_inner/4"},{"model":"block/crimson_planks/stairs_inner/5"},{"model":"block/crimson_planks/stairs_inner/6"},{"model":"block/crimson_planks/stairs_inner/7"},{"model":"block/crimson_planks/stairs_inner/8"},{"model":"block/crimson_planks/stairs_inner/9"},{"model":"block/crimson_planks/stairs_inner/10"},{"model":"block/crimson_planks/stairs_inner/11"},{"model":"block/crimson_planks/stairs_inner/12"},{"model":"block/crimson_planks/stairs_inner/13"},{"model":"block/crimson_planks/stairs_inner/14"},{"model":"block/crimson_planks/stairs_inner/15"}],"facing=west,half=bottom,shape=inner_right":[{"model":"block/crimson_planks/stairs_inner/16","y":180,"uvlock":true},{"model":"block/crimson_planks/stairs_inner/1","y":180,"uvlock":true},{"model":"block/crimson_planks/stairs_inner/2","y":180,"uvlock":true},{"model":"block/crimson_planks/stairs_inner/3","y":180,"uvlock":true},{"model":"block/crimson_planks/stairs_inner/4","y":180,"uvlock":true},{"model":"block/crimson_planks/stairs_inner/5","y":180,"uvlock":true},{"model":"block/crimson_planks/stairs_inner/6","y":180,"uvlock":true},{"model":"block/crimson_planks/stairs_inner/7","y":180,"uvlock":true},{"model":"block/crimson_planks/stairs_inner/8","y":180,"uvlock":true},{"model":"block/crimson_planks/stairs_inner/9","y":180,"uvlock":true},{"model":"block/crimson_planks/stairs_inner/10","y":180,"uvlock":true},{"model":"block/crimson_planks/stairs_inner/11","y":180,"uvlock":true},{"model":"block/crimson_planks/stairs_inner/12","y":180,"uvlock":true},{"model":"block/crimson_planks/stairs_inner/13","y":180,"uvlock":true},{"model":"block/crimson_planks/stairs_inner/14","y":180,"uvlock":true},{"model":"block/crimson_planks/stairs_inner/15","y":180,"uvlock":true}],"facing=south,half=bottom,shape=inner_right":[{"model":"block/crimson_planks/stairs_inner/16","y":90,"uvlock":true},{"model":"block/crimson_planks/stairs_inner/1","y":90,"uvlock":true},{"model":"block/crimson_planks/stairs_inner/2","y":90,"uvlock":true},{"model":"block/crimson_planks/stairs_inner/3","y":90,"uvlock":true},{"model":"block/crimson_planks/stairs_inner/4","y":90,"uvlock":true},{"model":"block/crimson_planks/stairs_inner/5","y":90,"uvlock":true},{"model":"block/crimson_planks/stairs_inner/6","y":90,"uvlock":true},{"model":"block/crimson_planks/stairs_inner/7","y":90,"uvlock":true},{"model":"block/crimson_planks/stairs_inner/8","y":90,"uvlock":true},{"model":"block/crimson_planks/stairs_inner/9","y":90,"uvlock":true},{"model":"block/crimson_planks/stairs_inner/10","y":90,"uvlock":true},{"model":"block/crimson_planks/stairs_inner/11","y":90,"uvlock":true},{"model":"block/crimson_planks/stairs_inner/12","y":90,"uvlock":true},{"model":"block/crimson_planks/stairs_inner/13","y":90,"uvlock":true},{"model":"block/crimson_planks/stairs_inner/14","y":90,"uvlock":true},{"model":"block/crimson_planks/stairs_inner/15","y":90,"uvlock":true}],"facing=north,half=bottom,shape=inner_right":[{"model":"block/crimson_planks/stairs_inner/16","y":270,"uvlock":true},{"model":"block/crimson_planks/stairs_inner/1","y":270,"uvlock":true},{"model":"block/crimson_planks/stairs_inner/2","y":270,"uvlock":true},{"model":"block/crimson_planks/stairs_inner/3","y":270,"uvlock":true},{"model":"block/crimson_planks/stairs_inner/4","y":270,"uvlock":true},{"model":"block/crimson_planks/stairs_inner/5","y":270,"uvlock":true},{"model":"block/crimson_planks/stairs_inner/6","y":270,"uvlock":true},{"model":"block/crimson_planks/stairs_inner/7","y":270,"uvlock":true},{"model":"block/crimson_planks/stairs_inner/8","y":270,"uvlock":true},{"model":"block/crimson_planks/stairs_inner/9","y":270,"uvlock":true},{"model":"block/crimson_planks/stairs_inner/10","y":270,"uvlock":true},{"model":"block/crimson_planks/stairs_inner/11","y":270,"uvlock":true},{"model":"block/crimson_planks/stairs_inner/12","y":270,"uvlock":true},{"model":"block/crimson_planks/stairs_inner/13","y":270,"uvlock":true},{"model":"block/crimson_planks/stairs_inner/14","y":270,"uvlock":true},{"model":"block/crimson_planks/stairs_inner/15","y":270,"uvlock":true}],"facing=east,half=bottom,shape=inner_left":[{"model":"block/crimson_planks/stairs_inner/16","y":270,"uvlock":true},{"model":"block/crimson_planks/stairs_inner/1","y":270,"uvlock":true},{"model":"block/crimson_planks/stairs_inner/2","y":270,"uvlock":true},{"model":"block/crimson_planks/stairs_inner/3","y":270,"uvlock":true},{"model":"block/crimson_planks/stairs_inner/4","y":270,"uvlock":true},{"model":"block/crimson_planks/stairs_inner/5","y":270,"uvlock":true},{"model":"block/crimson_planks/stairs_inner/6","y":270,"uvlock":true},{"model":"block/crimson_planks/stairs_inner/7","y":270,"uvlock":true},{"model":"block/crimson_planks/stairs_inner/8","y":270,"uvlock":true},{"model":"block/crimson_planks/stairs_inner/9","y":270,"uvlock":true},{"model":"block/crimson_planks/stairs_inner/10","y":270,"uvlock":true},{"model":"block/crimson_planks/stairs_inner/11","y":270,"uvlock":true},{"model":"block/crimson_planks/stairs_inner/12","y":270,"uvlock":true},{"model":"block/crimson_planks/stairs_inner/13","y":270,"uvlock":true},{"model":"block/crimson_planks/stairs_inner/14","y":270,"uvlock":true},{"model":"block/crimson_planks/stairs_inner/15","y":270,"uvlock":true}],"facing=west,half=bottom,shape=inner_left":[{"model":"block/crimson_planks/stairs_inner/16","y":90,"uvlock":true},{"model":"block/crimson_planks/stairs_inner/1","y":90,"uvlock":true},{"model":"block/crimson_planks/stairs_inner/2","y":90,"uvlock":true},{"model":"block/crimson_planks/stairs_inner/3","y":90,"uvlock":true},{"model":"block/crimson_planks/stairs_inner/4","y":90,"uvlock":true},{"model":"block/crimson_planks/stairs_inner/5","y":90,"uvlock":true},{"model":"block/crimson_planks/stairs_inner/6","y":90,"uvlock":true},{"model":"block/crimson_planks/stairs_inner/7","y":90,"uvlock":true},{"model":"block/crimson_planks/stairs_inner/8","y":90,"uvlock":true},{"model":"block/crimson_planks/stairs_inner/9","y":90,"uvlock":true},{"model":"block/crimson_planks/stairs_inner/10","y":90,"uvlock":true},{"model":"block/crimson_planks/stairs_inner/11","y":90,"uvlock":true},{"model":"block/crimson_planks/stairs_inner/12","y":90,"uvlock":true},{"model":"block/crimson_planks/stairs_inner/13","y":90,"uvlock":true},{"model":"block/crimson_planks/stairs_inner/14","y":90,"uvlock":true},{"model":"block/crimson_planks/stairs_inner/15","y":90,"uvlock":true}],"facing=south,half=bottom,shape=inner_left":[{"model":"block/crimson_planks/stairs_inner/16"},{"model":"block/crimson_planks/stairs_inner/1"},{"model":"block/crimson_planks/stairs_inner/2"},{"model":"block/crimson_planks/stairs_inner/3"},{"model":"block/crimson_planks/stairs_inner/4"},{"model":"block/crimson_planks/stairs_inner/5"},{"model":"block/crimson_planks/stairs_inner/6"},{"model":"block/crimson_planks/stairs_inner/7"},{"model":"block/crimson_planks/stairs_inner/8"},{"model":"block/crimson_planks/stairs_inner/9"},{"model":"block/crimson_planks/stairs_inner/10"},{"model":"block/crimson_planks/stairs_inner/11"},{"model":"block/crimson_planks/stairs_inner/12"},{"model":"block/crimson_planks/stairs_inner/13"},{"model":"block/crimson_planks/stairs_inner/14"},{"model":"block/crimson_planks/stairs_inner/15"}],"facing=north,half=bottom,shape=inner_left":[{"model":"block/crimson_planks/stairs_inner/16","y":180,"uvlock":true},{"model":"block/crimson_planks/stairs_inner/1","y":180,"uvlock":true},{"model":"block/crimson_planks/stairs_inner/2","y":180,"uvlock":true},{"model":"block/crimson_planks/stairs_inner/3","y":180,"uvlock":true},{"model":"block/crimson_planks/stairs_inner/4","y":180,"uvlock":true},{"model":"block/crimson_planks/stairs_inner/5","y":180,"uvlock":true},{"model":"block/crimson_planks/stairs_inner/6","y":180,"uvlock":true},{"model":"block/crimson_planks/stairs_inner/7","y":180,"uvlock":true},{"model":"block/crimson_planks/stairs_inner/8","y":180,"uvlock":true},{"model":"block/crimson_planks/stairs_inner/9","y":180,"uvlock":true},{"model":"block/crimson_planks/stairs_inner/10","y":180,"uvlock":true},{"model":"block/crimson_planks/stairs_inner/11","y":180,"uvlock":true},{"model":"block/crimson_planks/stairs_inner/12","y":180,"uvlock":true},{"model":"block/crimson_planks/stairs_inner/13","y":180,"uvlock":true},{"model":"block/crimson_planks/stairs_inner/14","y":180,"uvlock":true},{"model":"block/crimson_planks/stairs_inner/15","y":180,"uvlock":true}],"facing=east,half=top,shape=straight":[{"model":"block/crimson_planks/stairs/16","x":180,"uvlock":true},{"model":"block/crimson_planks/stairs/1","x":180,"uvlock":true},{"model":"block/crimson_planks/stairs/2","x":180,"uvlock":true},{"model":"block/crimson_planks/stairs/3","x":180,"uvlock":true},{"model":"block/crimson_planks/stairs/4","x":180,"uvlock":true},{"model":"block/crimson_planks/stairs/5","x":180,"uvlock":true},{"model":"block/crimson_planks/stairs/6","x":180,"uvlock":true},{"model":"block/crimson_planks/stairs/7","x":180,"uvlock":true},{"model":"block/crimson_planks/stairs/8","x":180,"uvlock":true},{"model":"block/crimson_planks/stairs/9","x":180,"uvlock":true},{"model":"block/crimson_planks/stairs/10","x":180,"uvlock":true},{"model":"block/crimson_planks/stairs/11","x":180,"uvlock":true},{"model":"block/crimson_planks/stairs/12","x":180,"uvlock":true},{"model":"block/crimson_planks/stairs/13","x":180,"uvlock":true},{"model":"block/crimson_planks/stairs/14","x":180,"uvlock":true},{"model":"block/crimson_planks/stairs/15","x":180,"uvlock":true}],"facing=west,half=top,shape=straight":[{"model":"block/crimson_planks/stairs/16","y":180,"uvlock":true,"x":180},{"model":"block/crimson_planks/stairs/1","y":180,"uvlock":true,"x":180},{"model":"block/crimson_planks/stairs/2","y":180,"uvlock":true,"x":180},{"model":"block/crimson_planks/stairs/3","y":180,"uvlock":true,"x":180},{"model":"block/crimson_planks/stairs/4","y":180,"uvlock":true,"x":180},{"model":"block/crimson_planks/stairs/5","y":180,"uvlock":true,"x":180},{"model":"block/crimson_planks/stairs/6","y":180,"uvlock":true,"x":180},{"model":"block/crimson_planks/stairs/7","y":180,"uvlock":true,"x":180},{"model":"block/crimson_planks/stairs/8","y":180,"uvlock":true,"x":180},{"model":"block/crimson_planks/stairs/9","y":180,"uvlock":true,"x":180},{"model":"block/crimson_planks/stairs/10","y":180,"uvlock":true,"x":180},{"model":"block/crimson_planks/stairs/11","y":180,"uvlock":true,"x":180},{"model":"block/crimson_planks/stairs/12","y":180,"uvlock":true,"x":180},{"model":"block/crimson_planks/stairs/13","y":180,"uvlock":true,"x":180},{"model":"block/crimson_planks/stairs/14","y":180,"uvlock":true,"x":180},{"model":"block/crimson_planks/stairs/15","y":180,"uvlock":true,"x":180}],"facing=south,half=top,shape=straight":[{"model":"block/crimson_planks/stairs/16","y":90,"uvlock":true,"x":180},{"model":"block/crimson_planks/stairs/1","y":90,"uvlock":true,"x":180},{"model":"block/crimson_planks/stairs/2","y":90,"uvlock":true,"x":180},{"model":"block/crimson_planks/stairs/3","y":90,"uvlock":true,"x":180},{"model":"block/crimson_planks/stairs/4","y":90,"uvlock":true,"x":180},{"model":"block/crimson_planks/stairs/5","y":90,"uvlock":true,"x":180},{"model":"block/crimson_planks/stairs/6","y":90,"uvlock":true,"x":180},{"model":"block/crimson_planks/stairs/7","y":90,"uvlock":true,"x":180},{"model":"block/crimson_planks/stairs/8","y":90,"uvlock":true,"x":180},{"model":"block/crimson_planks/stairs/9","y":90,"uvlock":true,"x":180},{"model":"block/crimson_planks/stairs/10","y":90,"uvlock":true,"x":180},{"model":"block/crimson_planks/stairs/11","y":90,"uvlock":true,"x":180},{"model":"block/crimson_planks/stairs/12","y":90,"uvlock":true,"x":180},{"model":"block/crimson_planks/stairs/13","y":90,"uvlock":true,"x":180},{"model":"block/crimson_planks/stairs/14","y":90,"uvlock":true,"x":180},{"model":"block/crimson_planks/stairs/15","y":90,"uvlock":true,"x":180}],"facing=north,half=top,shape=straight":[{"model":"block/crimson_planks/stairs/16","y":270,"uvlock":true,"x":180},{"model":"block/crimson_planks/stairs/1","y":270,"uvlock":true,"x":180},{"model":"block/crimson_planks/stairs/2","y":270,"uvlock":true,"x":180},{"model":"block/crimson_planks/stairs/3","y":270,"uvlock":true,"x":180},{"model":"block/crimson_planks/stairs/4","y":270,"uvlock":true,"x":180},{"model":"block/crimson_planks/stairs/5","y":270,"uvlock":true,"x":180},{"model":"block/crimson_planks/stairs/6","y":270,"uvlock":true,"x":180},{"model":"block/crimson_planks/stairs/7","y":270,"uvlock":true,"x":180},{"model":"block/crimson_planks/stairs/8","y":270,"uvlock":true,"x":180},{"model":"block/crimson_planks/stairs/9","y":270,"uvlock":true,"x":180},{"model":"block/crimson_planks/stairs/10","y":270,"uvlock":true,"x":180},{"model":"block/crimson_planks/stairs/11","y":270,"uvlock":true,"x":180},{"model":"block/crimson_planks/stairs/12","y":270,"uvlock":true,"x":180},{"model":"block/crimson_planks/stairs/13","y":270,"uvlock":true,"x":180},{"model":"block/crimson_planks/stairs/14","y":270,"uvlock":true,"x":180},{"model":"block/crimson_planks/stairs/15","y":270,"uvlock":true,"x":180}],"facing=east,half=top,shape=outer_right":[{"model":"block/crimson_planks/stairs_outer/16","y":90,"uvlock":true,"x":180},{"model":"block/crimson_planks/stairs_outer/1","y":90,"uvlock":true,"x":180},{"model":"block/crimson_planks/stairs_outer/2","y":90,"uvlock":true,"x":180},{"model":"block/crimson_planks/stairs_outer/3","y":90,"uvlock":true,"x":180},{"model":"block/crimson_planks/stairs_outer/4","y":90,"uvlock":true,"x":180},{"model":"block/crimson_planks/stairs_outer/5","y":90,"uvlock":true,"x":180},{"model":"block/crimson_planks/stairs_outer/6","y":90,"uvlock":true,"x":180},{"model":"block/crimson_planks/stairs_outer/7","y":90,"uvlock":true,"x":180},{"model":"block/crimson_planks/stairs_outer/8","y":90,"uvlock":true,"x":180},{"model":"block/crimson_planks/stairs_outer/9","y":90,"uvlock":true,"x":180},{"model":"block/crimson_planks/stairs_outer/10","y":90,"uvlock":true,"x":180},{"model":"block/crimson_planks/stairs_outer/11","y":90,"uvlock":true,"x":180},{"model":"block/crimson_planks/stairs_outer/12","y":90,"uvlock":true,"x":180},{"model":"block/crimson_planks/stairs_outer/13","y":90,"uvlock":true,"x":180},{"model":"block/crimson_planks/stairs_outer/14","y":90,"uvlock":true,"x":180},{"model":"block/crimson_planks/stairs_outer/15","y":90,"uvlock":true,"x":180}],"facing=west,half=top,shape=outer_right":[{"model":"block/crimson_planks/stairs_outer/16","y":270,"uvlock":true,"x":180},{"model":"block/crimson_planks/stairs_outer/1","y":270,"uvlock":true,"x":180},{"model":"block/crimson_planks/stairs_outer/2","y":270,"uvlock":true,"x":180},{"model":"block/crimson_planks/stairs_outer/3","y":270,"uvlock":true,"x":180},{"model":"block/crimson_planks/stairs_outer/4","y":270,"uvlock":true,"x":180},{"model":"block/crimson_planks/stairs_outer/5","y":270,"uvlock":true,"x":180},{"model":"block/crimson_planks/stairs_outer/6","y":270,"uvlock":true,"x":180},{"model":"block/crimson_planks/stairs_outer/7","y":270,"uvlock":true,"x":180},{"model":"block/crimson_planks/stairs_outer/8","y":270,"uvlock":true,"x":180},{"model":"block/crimson_planks/stairs_outer/9","y":270,"uvlock":true,"x":180},{"model":"block/crimson_planks/stairs_outer/10","y":270,"uvlock":true,"x":180},{"model":"block/crimson_planks/stairs_outer/11","y":270,"uvlock":true,"x":180},{"model":"block/crimson_planks/stairs_outer/12","y":270,"uvlock":true,"x":180},{"model":"block/crimson_planks/stairs_outer/13","y":270,"uvlock":true,"x":180},{"model":"block/crimson_planks/stairs_outer/14","y":270,"uvlock":true,"x":180},{"model":"block/crimson_planks/stairs_outer/15","y":270,"uvlock":true,"x":180}],"facing=south,half=top,shape=outer_right":[{"model":"block/crimson_planks/stairs_outer/16","y":180,"uvlock":true,"x":180},{"model":"block/crimson_planks/stairs_outer/1","y":180,"uvlock":true,"x":180},{"model":"block/crimson_planks/stairs_outer/2","y":180,"uvlock":true,"x":180},{"model":"block/crimson_planks/stairs_outer/3","y":180,"uvlock":true,"x":180},{"model":"block/crimson_planks/stairs_outer/4","y":180,"uvlock":true,"x":180},{"model":"block/crimson_planks/stairs_outer/5","y":180,"uvlock":true,"x":180},{"model":"block/crimson_planks/stairs_outer/6","y":180,"uvlock":true,"x":180},{"model":"block/crimson_planks/stairs_outer/7","y":180,"uvlock":true,"x":180},{"model":"block/crimson_planks/stairs_outer/8","y":180,"uvlock":true,"x":180},{"model":"block/crimson_planks/stairs_outer/9","y":180,"uvlock":true,"x":180},{"model":"block/crimson_planks/stairs_outer/10","y":180,"uvlock":true,"x":180},{"model":"block/crimson_planks/stairs_outer/11","y":180,"uvlock":true,"x":180},{"model":"block/crimson_planks/stairs_outer/12","y":180,"uvlock":true,"x":180},{"model":"block/crimson_planks/stairs_outer/13","y":180,"uvlock":true,"x":180},{"model":"block/crimson_planks/stairs_outer/14","y":180,"uvlock":true,"x":180},{"model":"block/crimson_planks/stairs_outer/15","y":180,"uvlock":true,"x":180}],"facing=north,half=top,shape=outer_right":[{"model":"block/crimson_planks/stairs_outer/16","x":180,"uvlock":true},{"model":"block/crimson_planks/stairs_outer/1","x":180,"uvlock":true},{"model":"block/crimson_planks/stairs_outer/2","x":180,"uvlock":true},{"model":"block/crimson_planks/stairs_outer/3","x":180,"uvlock":true},{"model":"block/crimson_planks/stairs_outer/4","x":180,"uvlock":true},{"model":"block/crimson_planks/stairs_outer/5","x":180,"uvlock":true},{"model":"block/crimson_planks/stairs_outer/6","x":180,"uvlock":true},{"model":"block/crimson_planks/stairs_outer/7","x":180,"uvlock":true},{"model":"block/crimson_planks/stairs_outer/8","x":180,"uvlock":true},{"model":"block/crimson_planks/stairs_outer/9","x":180,"uvlock":true},{"model":"block/crimson_planks/stairs_outer/10","x":180,"uvlock":true},{"model":"block/crimson_planks/stairs_outer/11","x":180,"uvlock":true},{"model":"block/crimson_planks/stairs_outer/12","x":180,"uvlock":true},{"model":"block/crimson_planks/stairs_outer/13","x":180,"uvlock":true},{"model":"block/crimson_planks/stairs_outer/14","x":180,"uvlock":true},{"model":"block/crimson_planks/stairs_outer/15","x":180,"uvlock":true}],"facing=east,half=top,shape=outer_left":[{"model":"block/crimson_planks/stairs_outer/16","x":180,"uvlock":true},{"model":"block/crimson_planks/stairs_outer/1","x":180,"uvlock":true},{"model":"block/crimson_planks/stairs_outer/2","x":180,"uvlock":true},{"model":"block/crimson_planks/stairs_outer/3","x":180,"uvlock":true},{"model":"block/crimson_planks/stairs_outer/4","x":180,"uvlock":true},{"model":"block/crimson_planks/stairs_outer/5","x":180,"uvlock":true},{"model":"block/crimson_planks/stairs_outer/6","x":180,"uvlock":true},{"model":"block/crimson_planks/stairs_outer/7","x":180,"uvlock":true},{"model":"block/crimson_planks/stairs_outer/8","x":180,"uvlock":true},{"model":"block/crimson_planks/stairs_outer/9","x":180,"uvlock":true},{"model":"block/crimson_planks/stairs_outer/10","x":180,"uvlock":true},{"model":"block/crimson_planks/stairs_outer/11","x":180,"uvlock":true},{"model":"block/crimson_planks/stairs_outer/12","x":180,"uvlock":true},{"model":"block/crimson_planks/stairs_outer/13","x":180,"uvlock":true},{"model":"block/crimson_planks/stairs_outer/14","x":180,"uvlock":true},{"model":"block/crimson_planks/stairs_outer/15","x":180,"uvlock":true}],"facing=west,half=top,shape=outer_left":[{"model":"block/crimson_planks/stairs_outer/16","y":180,"uvlock":true,"x":180},{"model":"block/crimson_planks/stairs_outer/1","y":180,"uvlock":true,"x":180},{"model":"block/crimson_planks/stairs_outer/2","y":180,"uvlock":true,"x":180},{"model":"block/crimson_planks/stairs_outer/3","y":180,"uvlock":true,"x":180},{"model":"block/crimson_planks/stairs_outer/4","y":180,"uvlock":true,"x":180},{"model":"block/crimson_planks/stairs_outer/5","y":180,"uvlock":true,"x":180},{"model":"block/crimson_planks/stairs_outer/6","y":180,"uvlock":true,"x":180},{"model":"block/crimson_planks/stairs_outer/7","y":180,"uvlock":true,"x":180},{"model":"block/crimson_planks/stairs_outer/8","y":180,"uvlock":true,"x":180},{"model":"block/crimson_planks/stairs_outer/9","y":180,"uvlock":true,"x":180},{"model":"block/crimson_planks/stairs_outer/10","y":180,"uvlock":true,"x":180},{"model":"block/crimson_planks/stairs_outer/11","y":180,"uvlock":true,"x":180},{"model":"block/crimson_planks/stairs_outer/12","y":180,"uvlock":true,"x":180},{"model":"block/crimson_planks/stairs_outer/13","y":180,"uvlock":true,"x":180},{"model":"block/crimson_planks/stairs_outer/14","y":180,"uvlock":true,"x":180},{"model":"block/crimson_planks/stairs_outer/15","y":180,"uvlock":true,"x":180}],"facing=south,half=top,shape=outer_left":[{"model":"block/crimson_planks/stairs_outer/16","y":90,"uvlock":true,"x":180},{"model":"block/crimson_planks/stairs_outer/1","y":90,"uvlock":true,"x":180},{"model":"block/crimson_planks/stairs_outer/2","y":90,"uvlock":true,"x":180},{"model":"block/crimson_planks/stairs_outer/3","y":90,"uvlock":true,"x":180},{"model":"block/crimson_planks/stairs_outer/4","y":90,"uvlock":true,"x":180},{"model":"block/crimson_planks/stairs_outer/5","y":90,"uvlock":true,"x":180},{"model":"block/crimson_planks/stairs_outer/6","y":90,"uvlock":true,"x":180},{"model":"block/crimson_planks/stairs_outer/7","y":90,"uvlock":true,"x":180},{"model":"block/crimson_planks/stairs_outer/8","y":90,"uvlock":true,"x":180},{"model":"block/crimson_planks/stairs_outer/9","y":90,"uvlock":true,"x":180},{"model":"block/crimson_planks/stairs_outer/10","y":90,"uvlock":true,"x":180},{"model":"block/crimson_planks/stairs_outer/11","y":90,"uvlock":true,"x":180},{"model":"block/crimson_planks/stairs_outer/12","y":90,"uvlock":true,"x":180},{"model":"block/crimson_planks/stairs_outer/13","y":90,"uvlock":true,"x":180},{"model":"block/crimson_planks/stairs_outer/14","y":90,"uvlock":true,"x":180},{"model":"block/crimson_planks/stairs_outer/15","y":90,"uvlock":true,"x":180}],"facing=north,half=top,shape=outer_left":[{"model":"block/crimson_planks/stairs_outer/16","y":270,"uvlock":true,"x":180},{"model":"block/crimson_planks/stairs_outer/1","y":270,"uvlock":true,"x":180},{"model":"block/crimson_planks/stairs_outer/2","y":270,"uvlock":true,"x":180},{"model":"block/crimson_planks/stairs_outer/3","y":270,"uvlock":true,"x":180},{"model":"block/crimson_planks/stairs_outer/4","y":270,"uvlock":true,"x":180},{"model":"block/crimson_planks/stairs_outer/5","y":270,"uvlock":true,"x":180},{"model":"block/crimson_planks/stairs_outer/6","y":270,"uvlock":true,"x":180},{"model":"block/crimson_planks/stairs_outer/7","y":270,"uvlock":true,"x":180},{"model":"block/crimson_planks/stairs_outer/8","y":270,"uvlock":true,"x":180},{"model":"block/crimson_planks/stairs_outer/9","y":270,"uvlock":true,"x":180},{"model":"block/crimson_planks/stairs_outer/10","y":270,"uvlock":true,"x":180},{"model":"block/crimson_planks/stairs_outer/11","y":270,"uvlock":true,"x":180},{"model":"block/crimson_planks/stairs_outer/12","y":270,"uvlock":true,"x":180},{"model":"block/crimson_planks/stairs_outer/13","y":270,"uvlock":true,"x":180},{"model":"block/crimson_planks/stairs_outer/14","y":270,"uvlock":true,"x":180},{"model":"block/crimson_planks/stairs_outer/15","y":270,"uvlock":true,"x":180}],"facing=east,half=top,shape=inner_right":[{"model":"block/crimson_planks/stairs_inner/16","y":90,"uvlock":true,"x":180},{"model":"block/crimson_planks/stairs_inner/1","y":90,"uvlock":true,"x":180},{"model":"block/crimson_planks/stairs_inner/2","y":90,"uvlock":true,"x":180},{"model":"block/crimson_planks/stairs_inner/3","y":90,"uvlock":true,"x":180},{"model":"block/crimson_planks/stairs_inner/4","y":90,"uvlock":true,"x":180},{"model":"block/crimson_planks/stairs_inner/5","y":90,"uvlock":true,"x":180},{"model":"block/crimson_planks/stairs_inner/6","y":90,"uvlock":true,"x":180},{"model":"block/crimson_planks/stairs_inner/7","y":90,"uvlock":true,"x":180},{"model":"block/crimson_planks/stairs_inner/8","y":90,"uvlock":true,"x":180},{"model":"block/crimson_planks/stairs_inner/9","y":90,"uvlock":true,"x":180},{"model":"block/crimson_planks/stairs_inner/10","y":90,"uvlock":true,"x":180},{"model":"block/crimson_planks/stairs_inner/11","y":90,"uvlock":true,"x":180},{"model":"block/crimson_planks/stairs_inner/12","y":90,"uvlock":true,"x":180},{"model":"block/crimson_planks/stairs_inner/13","y":90,"uvlock":true,"x":180},{"model":"block/crimson_planks/stairs_inner/14","y":90,"uvlock":true,"x":180},{"model":"block/crimson_planks/stairs_inner/15","y":90,"uvlock":true,"x":180}],"facing=west,half=top,shape=inner_right":[{"model":"block/crimson_planks/stairs_inner/16","y":270,"uvlock":true,"x":180},{"model":"block/crimson_planks/stairs_inner/1","y":270,"uvlock":true,"x":180},{"model":"block/crimson_planks/stairs_inner/2","y":270,"uvlock":true,"x":180},{"model":"block/crimson_planks/stairs_inner/3","y":270,"uvlock":true,"x":180},{"model":"block/crimson_planks/stairs_inner/4","y":270,"uvlock":true,"x":180},{"model":"block/crimson_planks/stairs_inner/5","y":270,"uvlock":true,"x":180},{"model":"block/crimson_planks/stairs_inner/6","y":270,"uvlock":true,"x":180},{"model":"block/crimson_planks/stairs_inner/7","y":270,"uvlock":true,"x":180},{"model":"block/crimson_planks/stairs_inner/8","y":270,"uvlock":true,"x":180},{"model":"block/crimson_planks/stairs_inner/9","y":270,"uvlock":true,"x":180},{"model":"block/crimson_planks/stairs_inner/10","y":270,"uvlock":true,"x":180},{"model":"block/crimson_planks/stairs_inner/11","y":270,"uvlock":true,"x":180},{"model":"block/crimson_planks/stairs_inner/12","y":270,"uvlock":true,"x":180},{"model":"block/crimson_planks/stairs_inner/13","y":270,"uvlock":true,"x":180},{"model":"block/crimson_planks/stairs_inner/14","y":270,"uvlock":true,"x":180},{"model":"block/crimson_planks/stairs_inner/15","y":270,"uvlock":true,"x":180}],"facing=south,half=top,shape=inner_right":[{"model":"block/crimson_planks/stairs_inner/16","y":180,"uvlock":true,"x":180},{"model":"block/crimson_planks/stairs_inner/1","y":180,"uvlock":true,"x":180},{"model":"block/crimson_planks/stairs_inner/2","y":180,"uvlock":true,"x":180},{"model":"block/crimson_planks/stairs_inner/3","y":180,"uvlock":true,"x":180},{"model":"block/crimson_planks/stairs_inner/4","y":180,"uvlock":true,"x":180},{"model":"block/crimson_planks/stairs_inner/5","y":180,"uvlock":true,"x":180},{"model":"block/crimson_planks/stairs_inner/6","y":180,"uvlock":true,"x":180},{"model":"block/crimson_planks/stairs_inner/7","y":180,"uvlock":true,"x":180},{"model":"block/crimson_planks/stairs_inner/8","y":180,"uvlock":true,"x":180},{"model":"block/crimson_planks/stairs_inner/9","y":180,"uvlock":true,"x":180},{"model":"block/crimson_planks/stairs_inner/10","y":180,"uvlock":true,"x":180},{"model":"block/crimson_planks/stairs_inner/11","y":180,"uvlock":true,"x":180},{"model":"block/crimson_planks/stairs_inner/12","y":180,"uvlock":true,"x":180},{"model":"block/crimson_planks/stairs_inner/13","y":180,"uvlock":true,"x":180},{"model":"block/crimson_planks/stairs_inner/14","y":180,"uvlock":true,"x":180},{"model":"block/crimson_planks/stairs_inner/15","y":180,"uvlock":true,"x":180}],"facing=north,half=top,shape=inner_right":[{"model":"block/crimson_planks/stairs_inner/16","x":180,"uvlock":true},{"model":"block/crimson_planks/stairs_inner/1","x":180,"uvlock":true},{"model":"block/crimson_planks/stairs_inner/2","x":180,"uvlock":true},{"model":"block/crimson_planks/stairs_inner/3","x":180,"uvlock":true},{"model":"block/crimson_planks/stairs_inner/4","x":180,"uvlock":true},{"model":"block/crimson_planks/stairs_inner/5","x":180,"uvlock":true},{"model":"block/crimson_planks/stairs_inner/6","x":180,"uvlock":true},{"model":"block/crimson_planks/stairs_inner/7","x":180,"uvlock":true},{"model":"block/crimson_planks/stairs_inner/8","x":180,"uvlock":true},{"model":"block/crimson_planks/stairs_inner/9","x":180,"uvlock":true},{"model":"block/crimson_planks/stairs_inner/10","x":180,"uvlock":true},{"model":"block/crimson_planks/stairs_inner/11","x":180,"uvlock":true},{"model":"block/crimson_planks/stairs_inner/12","x":180,"uvlock":true},{"model":"block/crimson_planks/stairs_inner/13","x":180,"uvlock":true},{"model":"block/crimson_planks/stairs_inner/14","x":180,"uvlock":true},{"model":"block/crimson_planks/stairs_inner/15","x":180,"uvlock":true}],"facing=east,half=top,shape=inner_left":[{"model":"block/crimson_planks/stairs_inner/16","x":180,"uvlock":true},{"model":"block/crimson_planks/stairs_inner/1","x":180,"uvlock":true},{"model":"block/crimson_planks/stairs_inner/2","x":180,"uvlock":true},{"model":"block/crimson_planks/stairs_inner/3","x":180,"uvlock":true},{"model":"block/crimson_planks/stairs_inner/4","x":180,"uvlock":true},{"model":"block/crimson_planks/stairs_inner/5","x":180,"uvlock":true},{"model":"block/crimson_planks/stairs_inner/6","x":180,"uvlock":true},{"model":"block/crimson_planks/stairs_inner/7","x":180,"uvlock":true},{"model":"block/crimson_planks/stairs_inner/8","x":180,"uvlock":true},{"model":"block/crimson_planks/stairs_inner/9","x":180,"uvlock":true},{"model":"block/crimson_planks/stairs_inner/10","x":180,"uvlock":true},{"model":"block/crimson_planks/stairs_inner/11","x":180,"uvlock":true},{"model":"block/crimson_planks/stairs_inner/12","x":180,"uvlock":true},{"model":"block/crimson_planks/stairs_inner/13","x":180,"uvlock":true},{"model":"block/crimson_planks/stairs_inner/14","x":180,"uvlock":true},{"model":"block/crimson_planks/stairs_inner/15","x":180,"uvlock":true}],"facing=west,half=top,shape=inner_left":[{"model":"block/crimson_planks/stairs_inner/16","y":180,"uvlock":true,"x":180},{"model":"block/crimson_planks/stairs_inner/1","y":180,"uvlock":true,"x":180},{"model":"block/crimson_planks/stairs_inner/2","y":180,"uvlock":true,"x":180},{"model":"block/crimson_planks/stairs_inner/3","y":180,"uvlock":true,"x":180},{"model":"block/crimson_planks/stairs_inner/4","y":180,"uvlock":true,"x":180},{"model":"block/crimson_planks/stairs_inner/5","y":180,"uvlock":true,"x":180},{"model":"block/crimson_planks/stairs_inner/6","y":180,"uvlock":true,"x":180},{"model":"block/crimson_planks/stairs_inner/7","y":180,"uvlock":true,"x":180},{"model":"block/crimson_planks/stairs_inner/8","y":180,"uvlock":true,"x":180},{"model":"block/crimson_planks/stairs_inner/9","y":180,"uvlock":true,"x":180},{"model":"block/crimson_planks/stairs_inner/10","y":180,"uvlock":true,"x":180},{"model":"block/crimson_planks/stairs_inner/11","y":180,"uvlock":true,"x":180},{"model":"block/crimson_planks/stairs_inner/12","y":180,"uvlock":true,"x":180},{"model":"block/crimson_planks/stairs_inner/13","y":180,"uvlock":true,"x":180},{"model":"block/crimson_planks/stairs_inner/14","y":180,"uvlock":true,"x":180},{"model":"block/crimson_planks/stairs_inner/15","y":180,"uvlock":true,"x":180}],"facing=south,half=top,shape=inner_left":[{"model":"block/crimson_planks/stairs_inner/16","y":90,"uvlock":true,"x":180},{"model":"block/crimson_planks/stairs_inner/1","y":90,"uvlock":true,"x":180},{"model":"block/crimson_planks/stairs_inner/2","y":90,"uvlock":true,"x":180},{"model":"block/crimson_planks/stairs_inner/3","y":90,"uvlock":true,"x":180},{"model":"block/crimson_planks/stairs_inner/4","y":90,"uvlock":true,"x":180},{"model":"block/crimson_planks/stairs_inner/5","y":90,"uvlock":true,"x":180},{"model":"block/crimson_planks/stairs_inner/6","y":90,"uvlock":true,"x":180},{"model":"block/crimson_planks/stairs_inner/7","y":90,"uvlock":true,"x":180},{"model":"block/crimson_planks/stairs_inner/8","y":90,"uvlock":true,"x":180},{"model":"block/crimson_planks/stairs_inner/9","y":90,"uvlock":true,"x":180},{"model":"block/crimson_planks/stairs_inner/10","y":90,"uvlock":true,"x":180},{"model":"block/crimson_planks/stairs_inner/11","y":90,"uvlock":true,"x":180},{"model":"block/crimson_planks/stairs_inner/12","y":90,"uvlock":true,"x":180},{"model":"block/crimson_planks/stairs_inner/13","y":90,"uvlock":true,"x":180},{"model":"block/crimson_planks/stairs_inner/14","y":90,"uvlock":true,"x":180},{"model":"block/crimson_planks/stairs_inner/15","y":90,"uvlock":true,"x":180}],"facing=north,half=top,shape=inner_left":[{"model":"block/crimson_planks/stairs_inner/16","y":270,"uvlock":true,"x":180},{"model":"block/crimson_planks/stairs_inner/1","y":270,"uvlock":true,"x":180},{"model":"block/crimson_planks/stairs_inner/2","y":270,"uvlock":true,"x":180},{"model":"block/crimson_planks/stairs_inner/3","y":270,"uvlock":true,"x":180},{"model":"block/crimson_planks/stairs_inner/4","y":270,"uvlock":true,"x":180},{"model":"block/crimson_planks/stairs_inner/5","y":270,"uvlock":true,"x":180},{"model":"block/crimson_planks/stairs_inner/6","y":270,"uvlock":true,"x":180},{"model":"block/crimson_planks/stairs_inner/7","y":270,"uvlock":true,"x":180},{"model":"block/crimson_planks/stairs_inner/8","y":270,"uvlock":true,"x":180},{"model":"block/crimson_planks/stairs_inner/9","y":270,"uvlock":true,"x":180},{"model":"block/crimson_planks/stairs_inner/10","y":270,"uvlock":true,"x":180},{"model":"block/crimson_planks/stairs_inner/11","y":270,"uvlock":true,"x":180},{"model":"block/crimson_planks/stairs_inner/12","y":270,"uvlock":true,"x":180},{"model":"block/crimson_planks/stairs_inner/13","y":270,"uvlock":true,"x":180},{"model":"block/crimson_planks/stairs_inner/14","y":270,"uvlock":true,"x":180},{"model":"block/crimson_planks/stairs_inner/15","y":270,"uvlock":true,"x":180}]}}