{
  "variants": {
    "": [
      {
        "model": "block/stone/16"
      },
      {
        "model": "block/stone/1"
      },
      {
        "model": "block/stone/2"
      },
      {
        "model": "block/stone/3"
      },
      {
        "model": "block/stone/4"
      },
      {
        "model": "block/stone/5"
      },
      {
        "model": "block/stone/6"
      },
      {
        "model": "block/stone/7"
      },
      {
        "model": "block/stone/8"
      },
      {
        "model": "block/stone/9"
      },
      {
        "model": "block/stone/10"
      },
      {
        "model": "block/stone/11"
      },
      {
        "model": "block/stone/12"
      },
      {
        "model": "block/stone/13"
      },
      {
        "model": "block/stone/14"
      },
      {
        "model": "block/stone/15"
      }
    ]
  }
}