{
  "variants": {
    "": [
      {
        "model": "block/terracotta/terracotta/1"
      },
      {
        "model": "block/terracotta/terracotta/16"
      },
      {
        "model": "block/terracotta/terracotta/2"
      },
      {
        "model": "block/terracotta/terracotta/3"
      },
      {
        "model": "block/terracotta/terracotta/4"
      },
      {
        "model": "block/terracotta/terracotta/5"
      },
      {
        "model": "block/terracotta/terracotta/6"
      },
      {
        "model": "block/terracotta/terracotta/7"
      },
      {
        "model": "block/terracotta/terracotta/8"
      },
      {
        "model": "block/terracotta/terracotta/9"
      },
      {
        "model": "block/terracotta/terracotta/10"
      },
      {
        "model": "block/terracotta/terracotta/11"
      },
      {
        "model": "block/terracotta/terracotta/12"
      },
      {
        "model": "block/terracotta/terracotta/13"
      },
      {
        "model": "block/terracotta/terracotta/14"
      },
      {
        "model": "block/terracotta/terracotta/15"
      }
    ]
  }
}