{
  "variants": {
    "": [
      {
        "model": "block/acacia_planks/16"
      },
      {
        "model": "block/acacia_planks/1"
      },
      {
        "model": "block/acacia_planks/2"
      },
      {
        "model": "block/acacia_planks/3"
      },
      {
        "model": "block/acacia_planks/4"
      },
      {
        "model": "block/acacia_planks/5"
      },
      {
        "model": "block/acacia_planks/6"
      },
      {
        "model": "block/acacia_planks/7"
      },
      {
        "model": "block/acacia_planks/8"
      },
      {
        "model": "block/acacia_planks/9"
      },
      {
        "model": "block/acacia_planks/10"
      },
      {
        "model": "block/acacia_planks/11"
      },
      {
        "model": "block/acacia_planks/12"
      },
      {
        "model": "block/acacia_planks/13"
      },
      {
        "model": "block/acacia_planks/14"
      },
      {
        "model": "block/acacia_planks/15"
      }
    ]
  }
}