{
  "variants": {
    "": [
      {
        "model": "block/andesite/1"
      },
      {
        "model": "block/andesite/16"
      },
      {
        "model": "block/andesite/2"
      },
      {
        "model": "block/andesite/3"
      },
      {
        "model": "block/andesite/4"
      },
      {
        "model": "block/andesite/5"
      },
      {
        "model": "block/andesite/6"
      },
      {
        "model": "block/andesite/7"
      },
      {
        "model": "block/andesite/8"
      },
      {
        "model": "block/andesite/9"
      },
      {
        "model": "block/andesite/10"
      },
      {
        "model": "block/andesite/11"
      },
      {
        "model": "block/andesite/12"
      },
      {
        "model": "block/andesite/13"
      },
      {
        "model": "block/andesite/14"
      },
      {
        "model": "block/andesite/15"
      }
    ]
  }
}