{
  "variants": {
    "": [
      {
        "model": "block/birch_planks/16"
      },
      {
        "model": "block/birch_planks/1"
      },
      {
        "model": "block/birch_planks/2"
      },
      {
        "model": "block/birch_planks/3"
      },
      {
        "model": "block/birch_planks/4"
      },
      {
        "model": "block/birch_planks/5"
      },
      {
        "model": "block/birch_planks/6"
      },
      {
        "model": "block/birch_planks/7"
      },
      {
        "model": "block/birch_planks/8"
      },
      {
        "model": "block/birch_planks/9"
      },
      {
        "model": "block/birch_planks/10"
      },
      {
        "model": "block/birch_planks/11"
      },
      {
        "model": "block/birch_planks/12"
      },
      {
        "model": "block/birch_planks/13"
      },
      {
        "model": "block/birch_planks/14"
      },
      {
        "model": "block/birch_planks/15"
      }
    ]
  }
}