{
  "variants": {

    "type=bottom": [
      {"model": "block/cobblestone/slab/1"},
      {"model": "block/cobblestone/slab/2"},
      {"model": "block/cobblestone/slab/3"},
      {"model": "block/cobblestone/slab/4"},
      {"model": "block/cobblestone/slab/5"},
      {"model": "block/cobblestone/slab/6"},
      {"model": "block/cobblestone/slab/7"},
      {"model": "block/cobblestone/slab/8"}
    ],
	
    "type=top": [
      {"model": "block/cobblestone/slab_top/1"},
      {"model": "block/cobblestone/slab_top/2"},
      {"model": "block/cobblestone/slab_top/3"},
      {"model": "block/cobblestone/slab_top/4"},
      {"model": "block/cobblestone/slab_top/5"},
      {"model": "block/cobblestone/slab_top/6"},
      {"model": "block/cobblestone/slab_top/7"},
      {"model": "block/cobblestone/slab_top/8"}
    ],
	
    "type=double": [
      {"model": "block/cobblestone/1"},
      {"model": "block/cobblestone/2"},
      {"model": "block/cobblestone/3"},
      {"model": "block/cobblestone/4"},
      {"model": "block/cobblestone/5"},
      {"model": "block/cobblestone/6"},
      {"model": "block/cobblestone/7"},
      {"model": "block/cobblestone/8"}
    ]
  }
}