{
  "variants": {
    "type=bottom": [
      {
        "model": "block/crimson_planks/slab/16"
      },
      {
        "model": "block/crimson_planks/slab/1"
      },
      {
        "model": "block/crimson_planks/slab/2"
      },
      {
        "model": "block/crimson_planks/slab/3"
      },
      {
        "model": "block/crimson_planks/slab/4"
      },
      {
        "model": "block/crimson_planks/slab/5"
      },
      {
        "model": "block/crimson_planks/slab/6"
      },
      {
        "model": "block/crimson_planks/slab/7"
      },
      {
        "model": "block/crimson_planks/slab/8"
      },
      {
        "model": "block/crimson_planks/slab/9"
      },
      {
        "model": "block/crimson_planks/slab/10"
      },
      {
        "model": "block/crimson_planks/slab/11"
      },
      {
        "model": "block/crimson_planks/slab/12"
      },
      {
        "model": "block/crimson_planks/slab/13"
      },
      {
        "model": "block/crimson_planks/slab/14"
      },
      {
        "model": "block/crimson_planks/slab/15"
      }
    ],
    "type=top": [
      {
        "model": "block/crimson_planks/slab_top/16"
      },
      {
        "model": "block/crimson_planks/slab_top/1"
      },
      {
        "model": "block/crimson_planks/slab_top/2"
      },
      {
        "model": "block/crimson_planks/slab_top/3"
      },
      {
        "model": "block/crimson_planks/slab_top/4"
      },
      {
        "model": "block/crimson_planks/slab_top/5"
      },
      {
        "model": "block/crimson_planks/slab_top/6"
      },
      {
        "model": "block/crimson_planks/slab_top/7"
      },
      {
        "model": "block/crimson_planks/slab_top/8"
      },
      {
        "model": "block/crimson_planks/slab_top/9"
      },
      {
        "model": "block/crimson_planks/slab_top/10"
      },
      {
        "model": "block/crimson_planks/slab_top/11"
      },
      {
        "model": "block/crimson_planks/slab_top/12"
      },
      {
        "model": "block/crimson_planks/slab_top/13"
      },
      {
        "model": "block/crimson_planks/slab_top/14"
      },
      {
        "model": "block/crimson_planks/slab_top/15"
      }
    ],
    "type=double": [
      {
        "model": "block/crimson_planks/16"
      },
      {
        "model": "block/crimson_planks/1"
      },
      {
        "model": "block/crimson_planks/2"
      },
      {
        "model": "block/crimson_planks/3"
      },
      {
        "model": "block/crimson_planks/4"
      },
      {
        "model": "block/crimson_planks/5"
      },
      {
        "model": "block/crimson_planks/6"
      },
      {
        "model": "block/crimson_planks/7"
      },
      {
        "model": "block/crimson_planks/8"
      },
      {
        "model": "block/crimson_planks/9"
      },
      {
        "model": "block/crimson_planks/10"
      },
      {
        "model": "block/crimson_planks/11"
      },
      {
        "model": "block/crimson_planks/12"
      },
      {
        "model": "block/crimson_planks/13"
      },
      {
        "model": "block/crimson_planks/14"
      },
      {
        "model": "block/crimson_planks/15"
      }
    ]
  }
}