{
  "variants": {
    "": [
      {
        "model": "block/dark_oak_planks/16"
      },
      {
        "model": "block/dark_oak_planks/1"
      },
      {
        "model": "block/dark_oak_planks/2"
      },
      {
        "model": "block/dark_oak_planks/3"
      },
      {
        "model": "block/dark_oak_planks/4"
      },
      {
        "model": "block/dark_oak_planks/5"
      },
      {
        "model": "block/dark_oak_planks/6"
      },
      {
        "model": "block/dark_oak_planks/7"
      },
      {
        "model": "block/dark_oak_planks/8"
      },
      {
        "model": "block/dark_oak_planks/9"
      },
      {
        "model": "block/dark_oak_planks/10"
      },
      {
        "model": "block/dark_oak_planks/11"
      },
      {
        "model": "block/dark_oak_planks/12"
      },
      {
        "model": "block/dark_oak_planks/13"
      },
      {
        "model": "block/dark_oak_planks/14"
      },
      {
        "model": "block/dark_oak_planks/15"
      }
    ]
  }
}