{
  "variants": {
    "type=bottom": [
      {
        "model": "block/diorite/slab/1"
      },
      {
        "model": "block/diorite/slab/16"
      },
      {
        "model": "block/diorite/slab/2"
      },
      {
        "model": "block/diorite/slab/3"
      },
      {
        "model": "block/diorite/slab/4"
      },
      {
        "model": "block/diorite/slab/5"
      },
      {
        "model": "block/diorite/slab/6"
      },
      {
        "model": "block/diorite/slab/7"
      },
      {
        "model": "block/diorite/slab/8"
      },
      {
        "model": "block/diorite/slab/9"
      },
      {
        "model": "block/diorite/slab/10"
      },
      {
        "model": "block/diorite/slab/11"
      },
      {
        "model": "block/diorite/slab/12"
      },
      {
        "model": "block/diorite/slab/13"
      },
      {
        "model": "block/diorite/slab/14"
      },
      {
        "model": "block/diorite/slab/15"
      }
    ],
    "type=top": [
      {
        "model": "block/diorite/slab_top/1"
      },
      {
        "model": "block/diorite/slab_top/16"
      },
      {
        "model": "block/diorite/slab_top/2"
      },
      {
        "model": "block/diorite/slab_top/3"
      },
      {
        "model": "block/diorite/slab_top/4"
      },
      {
        "model": "block/diorite/slab_top/5"
      },
      {
        "model": "block/diorite/slab_top/6"
      },
      {
        "model": "block/diorite/slab_top/7"
      },
      {
        "model": "block/diorite/slab_top/8"
      },
      {
        "model": "block/diorite/slab_top/9"
      },
      {
        "model": "block/diorite/slab_top/10"
      },
      {
        "model": "block/diorite/slab_top/11"
      },
      {
        "model": "block/diorite/slab_top/12"
      },
      {
        "model": "block/diorite/slab_top/13"
      },
      {
        "model": "block/diorite/slab_top/14"
      },
      {
        "model": "block/diorite/slab_top/15"
      }
    ],
    "type=double": [
      {
        "model": "block/diorite/1"
      },
      {
        "model": "block/diorite/16"
      },
      {
        "model": "block/diorite/2"
      },
      {
        "model": "block/diorite/3"
      },
      {
        "model": "block/diorite/4"
      },
      {
        "model": "block/diorite/5"
      },
      {
        "model": "block/diorite/6"
      },
      {
        "model": "block/diorite/7"
      },
      {
        "model": "block/diorite/8"
      },
      {
        "model": "block/diorite/9"
      },
      {
        "model": "block/diorite/10"
      },
      {
        "model": "block/diorite/11"
      },
      {
        "model": "block/diorite/12"
      },
      {
        "model": "block/diorite/13"
      },
      {
        "model": "block/diorite/14"
      },
      {
        "model": "block/diorite/15"
      }
    ]
  }
}