{
  "variants": {
    "": [
      {
        "model": "block/terracotta/light_gray_terracotta/1"
      },
      {
        "model": "block/terracotta/light_gray_terracotta/16"
      },
      {
        "model": "block/terracotta/light_gray_terracotta/2"
      },
      {
        "model": "block/terracotta/light_gray_terracotta/3"
      },
      {
        "model": "block/terracotta/light_gray_terracotta/4"
      },
      {
        "model": "block/terracotta/light_gray_terracotta/5"
      },
      {
        "model": "block/terracotta/light_gray_terracotta/6"
      },
      {
        "model": "block/terracotta/light_gray_terracotta/7"
      },
      {
        "model": "block/terracotta/light_gray_terracotta/8"
      },
      {
        "model": "block/terracotta/light_gray_terracotta/9"
      },
      {
        "model": "block/terracotta/light_gray_terracotta/10"
      },
      {
        "model": "block/terracotta/light_gray_terracotta/11"
      },
      {
        "model": "block/terracotta/light_gray_terracotta/12"
      },
      {
        "model": "block/terracotta/light_gray_terracotta/13"
      },
      {
        "model": "block/terracotta/light_gray_terracotta/14"
      },
      {
        "model": "block/terracotta/light_gray_terracotta/15"
      }
    ]
  }
}