 {
  "variants": {
    "type=bottom": [
      {
        "model": "block/mossy_stone_bricks/slab/1"
      },
      {
        "model": "block/mossy_stone_bricks/slab/2"
      },
      {
        "model": "block/mossy_stone_bricks/slab/3"
      },
      {
        "model": "block/mossy_stone_bricks/slab/4"
      }
    ],
	"type=double": [
	  {
        "model": "block/mossy_stone_bricks/1"
      },
      {
        "model": "block/mossy_stone_bricks/2"
      },
      {
        "model": "block/mossy_stone_bricks/3"
      },
      {
        "model": "block/mossy_stone_bricks/4"
      }
	],
    "type=top": [
      {
        "model": "block/mossy_stone_bricks/slab_top/1"
      },
      {
        "model": "block/mossy_stone_bricks/slab_top/2"
      },
      {
        "model": "block/mossy_stone_bricks/slab_top/3"
      },
      {
        "model": "block/mossy_stone_bricks/slab_top/4"
      }
    ]
  }
}