 {
  "variants": {
    "type=bottom": [
      {
        "model": "minecraft:block/cut_sandstone_slab"
      },
      {
        "model": "minecraft:block/cut_sandstone_slab",
        "y": 90
      },
      {
        "model": "minecraft:block/cut_sandstone_slab",
        "y": 180
      },
      {
        "model": "minecraft:block/cut_sandstone_slab",
        "y": 270
      }
    ],
	"type=double": [
	  {
        "model": "minecraft:block/cut_sandstone"
      },
      {
        "model": "minecraft:block/cut_sandstone",
        "y": 90
      },
      {
        "model": "minecraft:block/cut_sandstone",
        "y": 180
      },
      {
        "model": "minecraft:block/cut_sandstone",
        "y": 270
      }
	],
    "type=top": [
      {
        "model": "minecraft:block/cut_sandstone_slab_top"
      },
      {
        "model": "minecraft:block/cut_sandstone_slab_top",
        "y": 90
      },
      {
        "model": "minecraft:block/cut_sandstone_slab_top",
        "y": 180
      },
      {
        "model": "minecraft:block/cut_sandstone_slab_top",
        "y": 270
      }
    ]
  }
}